"month","airport","direction","operator","trips","all_trips_month","all_trips_month_operator","airport_share_all_trips_pct","airport_share_operator_trips_pct","avg_fare","avg_distance_miles","avg_duration_min","trips_with_wait","wait_p50","wait_p90","sum_total_fare","sum_miles"
"2025-01-01","JFK","dropoff","Lyft",91142,20381630,5034919,0.4472,1.8102,70.77,14.186,36.82,83267,250.5,475.7,6449943.4,1292919.16
"2025-01-01","JFK","dropoff","Uber",279091,20381630,15346711,1.3693,1.8186,73.12,13.654,34.81,262848,241.8,487.8,20406237.58,3810571.04
"2025-01-01","JFK","pickup","Lyft",71537,20381630,5034919,0.351,1.4208,83.55,18.961,43.05,71376,407.9,817.7,5977176.19,1356431.71
"2025-01-01","JFK","pickup","Uber",294528,20381630,15346711,1.4451,1.9192,79.86,18.202,41.59,294431,434.3,821.7,23521936.3,5361114.21
"2025-01-01","LaGuardia","dropoff","Lyft",106245,20381630,5034919,0.5213,2.1102,53.5,9.28,25.17,96691,236,456.3,5684082.89,985961.44
"2025-01-01","LaGuardia","dropoff","Uber",265731,20381630,15346711,1.3038,1.7315,61.52,9.584,25.08,250383,221.4,441,16347315.01,2546685.62
"2025-01-01","LaGuardia","pickup","Lyft",89848,20381630,5034919,0.4408,1.7845,64.42,11.703,30.18,89704,149.9,610.9,5787595.79,1051511.98
"2025-01-01","LaGuardia","pickup","Uber",270814,20381630,15346711,1.3287,1.7646,69.15,11.353,29.07,270171,335,641.3,18727350.06,3074446.85
"2025-01-01","Newark","dropoff","Lyft",25430,20381630,5034919,0.1248,0.5051,104.92,17.766,38.69,22929,226.9,425.8,2668198.84,451801.87
"2025-01-01","Newark","dropoff","Uber",100552,20381630,15346711,0.4933,0.6552,108.54,17.477,37.19,92424,221,456.3,10913811.01,1757344.59
"2025-01-01","Newark","pickup","Uber",1,20381630,15346711,0,0,79.49,1.55,3.63,1,1617,1617,79.49,1.55
"2025-02-01","JFK","dropoff","Lyft",90668,19330310,4919500,0.469,1.843,69.36,14.401,38.35,81478,253.2,461.8,6288549.37,1305724.17
"2025-02-01","JFK","dropoff","Uber",285910,19330310,14410810,1.4791,1.984,72.78,13.803,36.65,271970,243.4,484.4,20807830.27,3946558.57
"2025-02-01","JFK","pickup","Lyft",67201,19330310,4919500,0.3476,1.366,75.3,18.761,43.61,67116,201.2,734.9,5060212.97,1260725.68
"2025-02-01","JFK","pickup","Uber",249114,19330310,14410810,1.2887,1.7287,77.48,17.971,42.19,249030,397,777.9,19300426.49,4476843.18
"2025-02-01","LaGuardia","dropoff","Lyft",102308,19330310,4919500,0.5293,2.0796,53.27,9.197,25.73,92571,237.5,442.9,5449812.97,940908.11
"2025-02-01","LaGuardia","dropoff","Uber",268020,19330310,14410810,1.3865,1.8599,62.12,9.598,25.99,254684,226,445.5,16649853.3,2572533.14
"2025-02-01","LaGuardia","pickup","Lyft",85511,19330310,4919500,0.4424,1.7382,61.51,11.946,31.43,85452,313.2,748,5259923.02,1021537.45
"2025-02-01","LaGuardia","pickup","Uber",253538,19330310,14410810,1.3116,1.7594,69.26,11.701,31.15,252756,335.5,770.3,17558839.66,2966592.39
"2025-02-01","Newark","dropoff","Lyft",25734,19330310,4919500,0.1331,0.5231,102.14,18.024,39.73,22905,230.6,417.8,2628393.9,463836.74
"2025-02-01","Newark","dropoff","Uber",110134,19330310,14410810,0.5697,0.7642,104.76,17.458,37.98,102358,230,468.4,11537241.84,1922722.08
"2025-02-01","Newark","pickup","Uber",1,19330310,14410810,0,0,90.81,16.27,57.43,1,4063,4063,90.81,16.27
"2025-03-01","JFK","dropoff","Lyft",123762,20466340,5926569,0.6047,2.0883,71.91,14.682,40.9,111827,257.6,473.8,8900157.89,1817041.32
"2025-03-01","JFK","dropoff","Uber",302361,20466340,14539771,1.4774,2.0795,81.28,13.9,38.08,284966,240.6,510.4,24576802.51,4202951.82
"2025-03-01","JFK","pickup","Lyft",106975,20466340,5926569,0.5227,1.805,80.49,18.81,46.75,106894,277.6,778.8,8610850.03,2012165.16
"2025-03-01","JFK","pickup","Uber",258228,20466340,14539771,1.2617,1.776,92.93,18.247,44.73,258152,383.4,766.1,23996697.59,4711998.84
"2025-03-01","LaGuardia","dropoff","Lyft",136670,20466340,5926569,0.6678,2.3061,54.61,9.23,26.73,124312,241.9,461.3,7463502.77,1261452.21
"2025-03-01","LaGuardia","dropoff","Uber",297742,20466340,14539771,1.4548,2.0478,67.33,9.648,26.89,280085,223,466,20045619.57,2872681.05
"2025-03-01","LaGuardia","pickup","Lyft",130990,20466340,5926569,0.64,2.2102,61.49,11.416,32.27,130925,317.5,755,8054439.78,1495432.77
"2025-03-01","LaGuardia","pickup","Uber",270095,20466340,14539771,1.3197,1.8576,78,11.834,32.16,269245,318.7,714.1,21067150.26,3196346.48
"2025-03-01","Newark","dropoff","Lyft",37114,20466340,5926569,0.1813,0.6262,101.51,17.882,41.39,33308,233.4,431.3,3767567.03,663667.77
"2025-03-01","Newark","dropoff","Uber",118862,20466340,14539771,0.5808,0.8175,111.91,17.481,39.2,109279,226.9,490.2,13301865.16,2077831.03
"2025-03-01","Newark","pickup","Uber",2,20466340,14539771,0,0,70.78,6.665,14.59,0,nan,nan,141.56,13.33
"2025-04-01","JFK","dropoff","Lyft",105482,19732810,5379211,0.5346,1.9609,74.95,14.438,40.5,96130,252.8,458.2,7905939.99,1522959.02
"2025-04-01","JFK","dropoff","Uber",299652,19732810,14353599,1.5185,2.0876,78.3,13.376,37.64,281550,235.4,483.2,23461786.8,4008047.88
"2025-04-01","JFK","pickup","Lyft",89505,19732810,5379211,0.4536,1.6639,86.02,19.2,48.07,89427,198.4,776.5,7699522.13,1718458.71
"2025-04-01","JFK","pickup","Uber",261243,19732810,14353599,1.3239,1.8201,91.11,17.542,44.28,261172,357.6,778.7,23801425.61,4582682.73
"2025-04-01","LaGuardia","dropoff","Lyft",120289,19732810,5379211,0.6096,2.2362,55.62,9.372,27.04,110212,239,446.7,6690062.53,1127332.39
"2025-04-01","LaGuardia","dropoff","Uber",312707,19732810,14353599,1.5847,2.1786,64.31,9.578,27.22,293698,220,440.3,20111378.54,2995259.66
"2025-04-01","LaGuardia","pickup","Lyft",117159,19732810,5379211,0.5937,2.178,66.47,12.447,34.75,117104,310,751.9,7787862.59,1458226.45
"2025-04-01","LaGuardia","pickup","Uber",286885,19732810,14353599,1.4538,1.9987,77.39,11.7,33.32,286251,305.8,704.4,22202195.38,3356430.77
"2025-04-01","Newark","dropoff","Lyft",30107,19732810,5379211,0.1526,0.5597,104.87,17.767,41.66,27459,232.8,425.7,3157290.18,534905.33
"2025-04-01","Newark","dropoff","Uber",102595,19732810,14353599,0.5199,0.7148,112.18,17.342,39.87,93382,218.6,454.6,11508777.73,1779241.56
"2025-05-01","JFK","dropoff","Lyft",126980,21081601,6051847,0.6023,2.0982,74.63,13.95,41.2,114883,265.2,494.2,9476781.77,1771403.91
"2025-05-01","JFK","dropoff","Uber",359825,21081601,15029754,1.7068,2.3941,84.56,14.096,42.22,335987,262.7,551.4,30426790.77,5071941.94
"2025-05-01","JFK","pickup","Lyft",102721,21081601,6051847,0.4873,1.6973,85.09,18.639,50.3,102637,292.5,792.7,8740561.83,1914632.31
"2025-05-01","JFK","pickup","Uber",269567,21081601,15029754,1.2787,1.7936,94.93,17.868,48.46,269317,338.9,754.9,25591173.31,4816676.77
"2025-05-01","LaGuardia","dropoff","Lyft",149875,21081601,6051847,0.7109,2.4765,55.41,9.227,28.74,135858,258.9,497,8304079.16,1382850.45
"2025-05-01","LaGuardia","dropoff","Uber",339212,21081601,15029754,1.609,2.2569,69.37,9.622,29.68,315542,249.5,515.7,23529845.33,3264038.06
"2025-05-01","LaGuardia","pickup","Lyft",154292,21081601,6051847,0.7319,2.5495,65.78,11.884,37.23,154248,339.8,869.3,10149407.3,1833652.65
"2025-05-01","LaGuardia","pickup","Uber",310901,21081601,15029754,1.4748,2.0686,85.44,12.233,38.13,310727,346.8,791.9,26563963.24,3803147.52
"2025-05-01","Newark","dropoff","Lyft",30307,21081601,6051847,0.1438,0.5008,107.92,17.785,44.38,27293,249.6,485.4,3270870.58,539011.94
"2025-05-01","Newark","dropoff","Uber",100184,21081601,15029754,0.4752,0.6666,115.74,17.581,43.97,91126,265.1,577.1,11595030.81,1761344.36
"2025-06-01","JFK","dropoff","Lyft",109133,19847094,5687930,0.5499,1.9187,76.11,14.008,41.29,97930,276.4,516.6,8306291.07,1528695.35
"2025-06-01","JFK","dropoff","Uber",349697,19847094,14159164,1.762,2.4698,81.22,13.775,41.61,328014,271,576.7,28402522.59,4816943.68
"2025-06-01","JFK","pickup","Lyft",89187,19847094,5687930,0.4494,1.568,85.52,18.239,48.51,89065,262.8,742.2,7627696.8,1626695.07
"2025-06-01","JFK","pickup","Uber",254490,19847094,14159164,1.2823,1.7974,91.77,17.394,46.6,254243,322.3,724,23353365.9,4426680.79
"2025-06-01","LaGuardia","dropoff","Lyft",125914,19847094,5687930,0.6344,2.2137,57.4,9.246,28.25,113115,264.3,508.6,7226978.39,1164253.5
"2025-06-01","LaGuardia","dropoff","Uber",335172,19847094,14159164,1.6888,2.3672,67.34,9.595,28.8,311578,248.2,506.9,22570946.37,3215936.2
"2025-06-01","LaGuardia","pickup","Lyft",124834,19847094,5687930,0.629,2.1947,68.99,11.898,36.28,124720,306.5,802.9,8612712.04,1485310.85
"2025-06-01","LaGuardia","pickup","Uber",311071,19847094,14159164,1.5673,2.197,82.5,11.973,35.95,310868,336.7,731.3,25663159.98,3724484.23
"2025-06-01","Newark","dropoff","Lyft",29671,19847094,5687930,0.1495,0.5216,107.83,17.662,44.42,26504,256.7,488.3,3199316.27,524045.7
"2025-06-01","Newark","dropoff","Uber",104358,19847094,14159164,0.5258,0.737,112.84,17.488,43.22,95373,268.4,592.3,11775826.68,1825062.35
"2025-07-01","JFK","dropoff","Lyft",107040,19631947,5498231,0.5452,1.9468,74.74,14.029,40.29,96141,255.9,468.9,7999642.47,1501687.64
"2025-07-01","JFK","dropoff","Uber",331040,19631947,14133716,1.6862,2.3422,75.26,13.111,37.98,311234,254.2,542,24914206.78,4340189.32
"2025-07-01","JFK","pickup","Lyft",93970,19631947,5498231,0.4787,1.7091,85.1,18.809,47.98,93845,231.2,723.5,7996546.57,1767468.32
"2025-07-01","JFK","pickup","Uber",246204,19631947,14133716,1.2541,1.742,88.36,17.086,43.66,245897,310.8,715.4,21753541.05,4206605.21
"2025-07-01","LaGuardia","dropoff","Lyft",124748,19631947,5498231,0.6354,2.2689,56.23,9.25,26.91,112035,240,450.1,7014941.63,1153891.05
"2025-07-01","LaGuardia","dropoff","Uber",324940,19631947,14133716,1.6552,2.299,62.41,9.375,26.69,303363,228.6,468,20278899.04,3046354.55
"2025-07-01","LaGuardia","pickup","Lyft",107418,19631947,5498231,0.5472,1.9537,69.09,12.028,34.15,107250,282,691,7421898.02,1292060.13
"2025-07-01","LaGuardia","pickup","Uber",303802,19631947,14133716,1.5475,2.1495,75.38,11.632,32.94,303665,319.9,714.2,22900242.3,3533739.63
"2025-07-01","Newark","dropoff","Lyft",33506,19631947,5498231,0.1707,0.6094,104.96,17.601,44.63,29714,229.6,423.5,3516744.41,589741.5
"2025-07-01","Newark","dropoff","Uber",101103,19631947,14133716,0.515,0.7153,110.12,17.245,42.61,91697,243.4,544.2,11133619.42,1743532.66
"2025-08-01","JFK","dropoff","Lyft",110026,19078219,5527913,0.5767,1.9904,74.83,14.061,40.89,100624,251.9,455.5,8232943.98,1547112.09
"2025-08-01","JFK","dropoff","Uber",326183,19078219,13550306,1.7097,2.4072,76.88,13.292,38.85,304715,244.3,509.9,25075970.99,4335560.22
"2025-08-01","JFK","pickup","Lyft",91002,19078219,5527913,0.477,1.6462,89.11,19.04,48.5,90834,188.3,693.4,8108787.07,1732644.36
"2025-08-01","JFK","pickup","Uber",254938,19078219,13550306,1.3363,1.8814,90.92,17.13,43.98,254510,313.5,696.8,23178539.81,4367131.24
"2025-08-01","LaGuardia","dropoff","Lyft",123533,19078219,5527913,0.6475,2.2347,53.29,9.161,26.46,110861,234.7,428.7,6583587.73,1131710.19
"2025-08-01","LaGuardia","dropoff","Uber",316533,19078219,13550306,1.6591,2.336,61.83,9.389,26.4,297318,219.7,436,19571818.77,2971915.07
"2025-08-01","LaGuardia","pickup","Lyft",104899,19078219,5527913,0.5498,1.8976,67.69,12.08,34.62,104726,265.7,618.7,7100644.02,1267156.72
"2025-08-01","LaGuardia","pickup","Uber",298644,19078219,13550306,1.5654,2.204,74.87,11.496,32.65,298227,310.9,700.2,22358829.12,3433067.4
"2025-08-01","Newark","dropoff","Lyft",35398,19078219,5527913,0.1855,0.6404,102.53,17.493,44.04,31643,225.9,411.4,3629418.18,619206.91
"2025-08-01","Newark","dropoff","Uber",98476,19078219,13550306,0.5162,0.7267,111.32,17.039,41.35,89573,223.1,482.4,10962624.52,1677936.48
"2025-08-01","Newark","pickup","Uber",2,19078219,13550306,0,0,44.53,1.43,11.66,0,nan,nan,89.06,2.86
"2025-09-01","JFK","dropoff","Lyft",100787,19423666,5385951,0.5189,1.8713,73.96,13.969,41.02,91004,257,476.2,7454565.24,1407855.56
"2025-09-01","JFK","dropoff","Uber",313226,19423666,14037715,1.6126,2.2313,85.79,14.351,42.69,292912,255.7,534.2,26871885.5,4495068.88
"2025-09-01","JFK","pickup","Lyft",82033,19423666,5385951,0.4223,1.5231,87.96,17.955,48.81,81914,163.7,653.4,7215916.34,1472912.07
"2025-09-01","JFK","pickup","Uber",247867,19423666,14037715,1.2761,1.7657,92.61,17.465,47.47,247478,293.9,654.3,22954680.5,4328947.49
"2025-09-01","LaGuardia","dropoff","Lyft",126504,19423666,5385951,0.6513,2.3488,54.16,9.188,28.35,112919,245,461.9,6851792.65,1162277.34
"2025-09-01","LaGuardia","dropoff","Uber",327109,19423666,14037715,1.6841,2.3302,67.78,9.563,29.34,306233,236.6,479.9,22171625.49,3128128.26
"2025-09-01","LaGuardia","pickup","Lyft",138790,19423666,5385951,0.7145,2.5769,66.02,11.261,36.47,138736,277.7,737.5,9162634.4,1562981.48
"2025-09-01","LaGuardia","pickup","Uber",292975,19423666,14037715,1.5083,2.0871,83.26,11.738,37.52,292791,314.6,800.9,24393146.51,3438934.99
"2025-09-01","Newark","dropoff","Lyft",38799,19423666,5385951,0.1998,0.7204,98.25,16.98,41.51,34683,239.1,452.9,3812169.69,658821.76
"2025-09-01","Newark","dropoff","Uber",109081,19423666,14037715,0.5616,0.7771,115.21,16.959,41.16,99756,239.4,499,12567098.11,1849894.78
"2025-09-01","Newark","pickup","Uber",2,19423666,14037715,0,0,10.39,1.59,3.71,2,4332,4506,20.77,3.18
"2025-10-01","JFK","dropoff","Lyft",100129,21271911,5806098,0.4707,1.7245,77.35,14.283,42.12,90286,255.9,481.1,7744892.86,1430150.86
"2025-10-01","JFK","dropoff","Uber",338141,21271911,15465813,1.5896,2.1864,83.52,14.434,43.29,313797,261.5,560.9,28241564.79,4880575.04
"2025-10-01","JFK","pickup","Lyft",83622,21271911,5806098,0.3931,1.4402,87.14,18.322,49.62,83515,169.3,691.2,7286614.03,1532136.63
"2025-10-01","JFK","pickup","Uber",254686,21271911,15465813,1.1973,1.6468,91.54,17.31,47.04,254385,299.5,685.2,23313890.86,4408528.79
"2025-10-01","LaGuardia","dropoff","Lyft",137948,21271911,5806098,0.6485,2.3759,57.16,9.263,28.96,122879,241,461.1,7885490.35,1277770.45
"2025-10-01","LaGuardia","dropoff","Uber",360702,21271911,15465813,1.6957,2.3323,67.68,9.562,29.47,335889,236.1,492.1,24412374.51,3449055.54
"2025-10-01","LaGuardia","pickup","Lyft",146462,21271911,5806098,0.6885,2.5226,66.83,11.497,36.3,146387,277.8,729.1,9787646.25,1683909.95
"2025-10-01","LaGuardia","pickup","Uber",303225,21271911,15465813,1.4255,1.9606,84.65,11.688,37.01,303030,330.9,857.9,25666908.87,3543978.64
"2025-10-01","Newark","dropoff","Lyft",43427,21271911,5806098,0.2042,0.748,102.77,17.016,42.87,38790,237.4,450.6,4462960.66,738965.16
"2025-10-01","Newark","dropoff","Uber",122938,21271911,15465813,0.5779,0.7949,114.22,16.909,42.58,111148,227.2,458.4,14041964.19,2078755.32
"2025-10-01","Newark","pickup","Uber",1,21271911,15465813,0,0,61.86,5.67,20.23,0,nan,nan,61.86,5.67
"2025-11-01","JFK","dropoff","Lyft",103869,20810204,5907858,0.4991,1.7581,78.28,14.5,41.44,93453,249,457,8130394.59,1506134.99
"2025-11-01","JFK","dropoff","Uber",309643,20810204,14902346,1.4879,2.0778,84.6,14.364,41.74,287878,256.3,558.3,26195965.98,4447649.07
"2025-11-01","JFK","pickup","Lyft",70022,20810204,5907858,0.3365,1.1852,89.85,18.494,47.59,69126,149.8,673.7,6291326.91,1294998.32
"2025-11-01","JFK","pickup","Uber",224418,20810204,14902346,1.0784,1.5059,91.77,17.372,45.36,224116,285.9,676.1,20594015.92,3898480.83
"2025-11-01","LaGuardia","dropoff","Lyft",132362,20810204,5907858,0.636,2.2404,57.58,9.258,28.2,117878,233.7,442.6,7621447.32,1225360.89
"2025-11-01","LaGuardia","dropoff","Uber",326638,20810204,14902346,1.5696,2.1919,67.35,9.594,28.5,303461,229.4,482.6,22000353.34,3133854.14
"2025-11-01","LaGuardia","pickup","Lyft",121048,20810204,5907858,0.5817,2.0489,68.73,11.575,34.31,119725,271.6,724.9,8319957.99,1401108.45
"2025-11-01","LaGuardia","pickup","Uber",277143,20810204,14902346,1.3318,1.8597,80.9,11.582,35.06,276621,332.7,881.6,22419703.27,3209874.47
"2025-11-01","Newark","dropoff","Lyft",46560,20810204,5907858,0.2237,0.7881,103.67,17.045,42.6,41417,231.1,430.6,4826787.73,793617.02
"2025-11-01","Newark","dropoff","Uber",116349,20810204,14902346,0.5591,0.7807,116.26,16.92,42.29,104976,218.7,439.9,13527279.58,1968574.68
"2025-11-01","Newark","pickup","Uber",1,20810204,14902346,0,0,93.59,8.18,92.88,1,468,468,93.59,8.18
"2025-12-01","JFK","dropoff","Lyft",105743,22069202,6101070,0.4791,1.7332,85,14.395,43.28,95093,268.4,518.6,8988208.41,1522163.35
"2025-12-01","JFK","dropoff","Uber",342472,22069202,15968132,1.5518,2.1447,88.61,14.223,43.11,315475,293.4,646.3,30347692.56,4870844.32
"2025-12-01","JFK","pickup","Lyft",68254,22069202,6101070,0.3093,1.1187,94.34,18.093,49.08,66746,168.3,692.2,6438898.07,1234930.7
"2025-12-01","JFK","pickup","Uber",227615,22069202,15968132,1.0314,1.4254,91.18,16.599,45.42,227279,300.6,704.8,20753248,3778193.17
"2025-12-01","LaGuardia","dropoff","Lyft",125112,22069202,6101070,0.5669,2.0507,61.96,9.122,28.51,111965,259.9,521.8,7751355.21,1141254.37
"2025-12-01","LaGuardia","dropoff","Uber",342108,22069202,15968132,1.5502,2.1424,71.45,9.532,28.98,313607,262.9,573.6,24444197.29,3261138.49
"2025-12-01","LaGuardia","pickup","Lyft",119014,22069202,6101070,0.5393,1.9507,70.15,11.112,35.04,116678,295.1,777.8,8348690.29,1322480.42
"2025-12-01","LaGuardia","pickup","Uber",291388,22069202,15968132,1.3203,1.8248,81.64,11.215,36.96,289601,354,904.3,23787540.39,3268007.22
"2025-12-01","Newark","dropoff","Lyft",50184,22069202,6101070,0.2274,0.8225,112.05,17.198,44.18,44489,255.7,507.5,5623173.27,863085.7
"2025-12-01","Newark","dropoff","Uber",143129,22069202,15968132,0.6485,0.8963,121.06,17.135,43.69,127176,253.6,518.2,17327648.91,2452572.16
"2025-12-01","Newark","pickup","Uber",3,22069202,15968132,0,0,38.84,0.753,15.48,1,210,210,116.53,2.26
"2026-01-01","JFK","dropoff","Lyft",82851,20835596,5652037,0.3976,1.4659,78.75,14.233,38.72,73391,250.6,488.9,6524773.34,1179187.29
"2026-01-01","JFK","dropoff","Uber",274026,20835596,15183559,1.3152,1.8048,82.46,13.761,38.07,256091,280,623.4,22596122.28,3770867.68
"2026-01-01","JFK","pickup","Lyft",72513,20835596,5652037,0.348,1.283,92.96,18.609,44.49,71392,305.4,914.1,6740521.37,1349373.72
"2026-01-01","JFK","pickup","Uber",256987,20835596,15183559,1.2334,1.6925,92.14,17.687,42.44,256086,405.6,858,23679020.66,4545446.16
"2026-01-01","LaGuardia","dropoff","Lyft",93146,20835596,5652037,0.4471,1.648,59.19,9.144,26.46,82783,232.8,470.1,5513106.25,851685.29
"2026-01-01","LaGuardia","dropoff","Uber",269972,20835596,15183559,1.2957,1.7781,66.4,9.496,26.78,252280,241.3,543,17927337.1,2563526.17
"2026-01-01","LaGuardia","pickup","Lyft",100811,20835596,5652037,0.4838,1.7836,67.05,11.238,31.97,98804,276,766.9,6758997.14,1132886.17
"2026-01-01","LaGuardia","pickup","Uber",262692,20835596,15183559,1.2608,1.7301,72.9,11.357,32.03,260956,347.8,838.7,19151406.98,2983454.58
"2026-01-01","Newark","dropoff","Lyft",35316,20835596,5652037,0.1695,0.6248,104.52,17.178,39.54,30740,225.8,431.4,3691077.84,606652.97
"2026-01-01","Newark","dropoff","Uber",95229,20835596,15183559,0.457,0.6272,116.87,17.058,39.13,86133,219.4,455,11129062.44,1624414.08
"2026-01-01","Newark","pickup","Uber",2,20835596,15183559,0,0,37.86,15.1,33.2,1,5364,5364,75.73,30.2
"2026-02-01","JFK","dropoff","Lyft",78202,19866970,5706590,0.3936,1.3704,81.15,14.355,41.62,69932,269.9,516.6,6346208.22,1122616.19
"2026-02-01","JFK","dropoff","Uber",267734,19866970,14160380,1.3476,1.8907,83.69,14.017,40.48,250046,294.9,647.6,22405679.5,3752718.7
"2026-02-01","JFK","pickup","Lyft",64458,19866970,5706590,0.3244,1.1295,89.9,18.717,45.8,63409,275.1,830.9,5794600.09,1206459
"2026-02-01","JFK","pickup","Uber",208992,19866970,14160380,1.052,1.4759,91.87,17.626,43.91,208561,368.1,850.3,19199186.23,3683607.53
"2026-02-01","LaGuardia","dropoff","Lyft",90893,19866970,5706590,0.4575,1.5928,60.7,9.15,27.78,81966,254.9,504,5517119.77,831625.92
"2026-02-01","LaGuardia","dropoff","Uber",274267,19866970,14160380,1.3805,1.9369,67.44,9.575,28.47,256167,260.2,561.7,18496985.69,2626198.67
"2026-02-01","LaGuardia","pickup","Lyft",99034,19866970,5706590,0.4985,1.7354,66.51,11.578,33.29,96719,284.4,751.3,6586600.22,1146593.03
"2026-02-01","LaGuardia","pickup","Uber",242135,19866970,14160380,1.2188,1.7099,75.49,11.691,34.3,241620,369.4,796,18277974.11,2830814.24
"2026-02-01","Newark","dropoff","Lyft",36041,19866970,5706590,0.1814,0.6316,103.52,17.221,41.74,31530,245.1,467,3731039.76,620646.99
"2026-02-01","Newark","dropoff","Uber",102575,19866970,14160380,0.5163,0.7244,115.04,16.983,40.94,93557,245.1,487.2,11799801.17,1742058.49
"2026-02-01","Newark","pickup","Uber",1,19866970,14160380,0,0,33.94,17.8,66.45,0,nan,nan,33.94,17.8
"2026-03-01","JFK","dropoff","Lyft",88395,22045371,6099770,0.401,1.4492,86.02,14.328,41.78,79323,255.3,486.1,7603551.41,1266508.84
"2026-03-01","JFK","dropoff","Uber",309473,22045371,15945601,1.4038,1.9408,89.14,14.271,41.2,287134,296,662,27587784.02,4416429.75
"2026-03-01","JFK","pickup","Lyft",83035,22045371,6099770,0.3767,1.3613,93.33,18.666,46.21,81669,307.1,809.3,7749561.92,1549946.61
"2026-03-01","JFK","pickup","Uber",243252,22045371,15945601,1.1034,1.5255,100.89,17.874,44.95,243004,371.7,837.8,24542822.37,4347925.8
"2026-03-01","LaGuardia","dropoff","Lyft",106265,22045371,6099770,0.482,1.7421,63.69,9.193,27.9,95312,239.2,467.7,6767782.43,976889.23
"2026-03-01","LaGuardia","dropoff","Uber",326015,22045371,15945601,1.4788,2.0445,69.25,9.538,27.84,302602,258.3,581.8,22577007.36,3109610.49
"2026-03-01","LaGuardia","pickup","Lyft",123182,22045371,6099770,0.5588,2.0195,69.09,11.504,33.44,120871,289.6,757.3,8510059.91,1417100.95
"2026-03-01","LaGuardia","pickup","Uber",286319,22045371,15945601,1.2988,1.7956,80.96,11.719,34.05,286070,369.8,783,23181536.44,3355420.51
"2026-03-01","Newark","dropoff","Lyft",42290,22045371,6099770,0.1918,0.6933,110.95,17.155,41.65,37308,229.7,435.3,4691874.59,725493.34
"2026-03-01","Newark","dropoff","Uber",130812,22045371,15945601,0.5934,0.8204,119.79,16.996,40.83,119392,234.1,493.5,15669497.01,2223338.06
"2026-04-01","JFK","dropoff","Lyft",81748,20966624,5596502,0.3899,1.4607,80.82,14.181,41.29,71989,242.6,445.3,6607021.98,1159248.06
"2026-04-01","JFK","dropoff","Uber",296124,20966624,15370122,1.4124,1.9266,86.15,14.244,42.2,276757,286,638.8,25512147.39,4218033.34
"2026-04-01","JFK","pickup","Lyft",62507,20966624,5596502,0.2981,1.1169,93.64,18.367,44.94,61153,179.9,715.9,5853406.7,1148067.09
"2026-04-01","JFK","pickup","Uber",255695,20966624,15370122,1.2195,1.6636,96.91,17.825,44.49,255318,389.3,858.3,24778836.94,4557648.52
"2026-04-01","LaGuardia","dropoff","Lyft",105678,20966624,5596502,0.504,1.8883,59.37,9.242,27.47,92319,226.5,423.1,6274446.68,976691.62
"2026-04-01","LaGuardia","dropoff","Uber",329128,20966624,15370122,1.5698,2.1413,67.85,9.56,27.64,307997,242.7,555.9,22331425.93,3146354.6
"2026-04-01","LaGuardia","pickup","Lyft",103410,20966624,5596502,0.4932,1.8478,72.57,11.699,35.7,101274,276.7,756.1,7503973.95,1209844.67
"2026-04-01","LaGuardia","pickup","Uber",309113,20966624,15370122,1.4743,2.0111,82.74,11.806,36.03,308829,400.7,869.7,25576322.67,3649278.98
"2026-04-01","Newark","dropoff","Lyft",38961,20966624,5596502,0.1858,0.6962,104.84,16.978,40.74,33482,219.3,400.9,4084579.08,661491.37
"2026-04-01","Newark","dropoff","Uber",114700,20966624,15370122,0.5471,0.7463,118.76,16.877,40.56,104912,223.7,486.7,13621342.81,1935822.98
"2026-04-01","Newark","pickup","Uber",2,20966624,15370122,0,0,26.22,1.475,5.23,2,1516,2289,52.43,2.95
