"month","operator","bucket_order","wait_bucket","trips_with_wait"
"2025-01-01","Lyft",1,"0-30 сек",2049
"2025-01-01","Uber",1,"0-30 сек",15167
"2025-01-01","Lyft",2,"30-60 сек",25781
"2025-01-01","Uber",2,"30-60 сек",192768
"2025-01-01","Lyft",3,"1-2 мин",460440
"2025-01-01","Uber",3,"1-2 мин",1545475
"2025-01-01","Lyft",4,"2-3 мин",888059
"2025-01-01","Uber",4,"2-3 мин",3167019
"2025-01-01","Lyft",5,"3-4 мин",1019041
"2025-01-01","Uber",5,"3-4 мин",3261131
"2025-01-01","Lyft",6,"4-5 мин",846998
"2025-01-01","Uber",6,"4-5 мин",2353579
"2025-01-01","Lyft",7,"5-6 мин",587321
"2025-01-01","Uber",7,"5-6 мин",1527596
"2025-01-01","Lyft",8,"6-8 мин",622777
"2025-01-01","Uber",8,"6-8 мин",1615914
"2025-01-01","Lyft",9,"8-10 мин",267747
"2025-01-01","Uber",9,"8-10 мин",733264
"2025-01-01","Lyft",10,"10-15 мин",192959
"2025-01-01","Uber",10,"10-15 мин",623876
"2025-01-01","Lyft",11,"15-20 мин",32324
"2025-01-01","Uber",11,"15-20 мин",141294
"2025-01-01","Lyft",12,"20-25 мин",7271
"2025-01-01","Uber",12,"20-25 мин",32516
"2025-01-01","Lyft",13,"25-30 мин",2144
"2025-01-01","Uber",13,"25-30 мин",8944
"2025-01-01","Lyft",14,"30+ мин",1232
"2025-01-01","Uber",14,"30+ мин",7567
"2025-02-01","Lyft",1,"0-30 сек",1984
"2025-02-01","Uber",1,"0-30 сек",15068
"2025-02-01","Lyft",2,"30-60 сек",23482
"2025-02-01","Uber",2,"30-60 сек",166845
"2025-02-01","Lyft",3,"1-2 мин",401978
"2025-02-01","Uber",3,"1-2 мин",1317072
"2025-02-01","Lyft",4,"2-3 мин",814155
"2025-02-01","Uber",4,"2-3 мин",2761978
"2025-02-01","Lyft",5,"3-4 мин",976772
"2025-02-01","Uber",5,"3-4 мин",2987621
"2025-02-01","Lyft",6,"4-5 мин",846631
"2025-02-01","Uber",6,"4-5 мин",2281149
"2025-02-01","Lyft",7,"5-6 мин",607582
"2025-02-01","Uber",7,"5-6 мин",1537134
"2025-02-01","Lyft",8,"6-8 мин",652107
"2025-02-01","Uber",8,"6-8 мин",1660115
"2025-02-01","Lyft",9,"8-10 мин",269261
"2025-02-01","Uber",9,"8-10 мин",741908
"2025-02-01","Lyft",10,"10-15 мин",194416
"2025-02-01","Uber",10,"10-15 мин",634742
"2025-02-01","Lyft",11,"15-20 мин",36138
"2025-02-01","Uber",11,"15-20 мин",149212
"2025-02-01","Lyft",12,"20-25 мин",8325
"2025-02-01","Uber",12,"20-25 мин",32837
"2025-02-01","Lyft",13,"25-30 мин",2312
"2025-02-01","Uber",13,"25-30 мин",8802
"2025-02-01","Lyft",14,"30+ мин",1327
"2025-02-01","Uber",14,"30+ мин",5984
"2025-03-01","Lyft",1,"0-30 сек",2322
"2025-03-01","Uber",1,"0-30 сек",16222
"2025-03-01","Lyft",2,"30-60 сек",28630
"2025-03-01","Uber",2,"30-60 сек",183090
"2025-03-01","Lyft",3,"1-2 мин",471187
"2025-03-01","Uber",3,"1-2 мин",1392320
"2025-03-01","Lyft",4,"2-3 мин",931334
"2025-03-01","Uber",4,"2-3 мин",2787191
"2025-03-01","Lyft",5,"3-4 мин",1138296
"2025-03-01","Uber",5,"3-4 мин",2940613
"2025-03-01","Lyft",6,"4-5 мин",1007681
"2025-03-01","Uber",6,"4-5 мин",2215701
"2025-03-01","Lyft",7,"5-6 мин",740758
"2025-03-01","Uber",7,"5-6 мин",1498297
"2025-03-01","Lyft",8,"6-8 мин",824351
"2025-03-01","Uber",8,"6-8 мин",1650922
"2025-03-01","Lyft",9,"8-10 мин",353529
"2025-03-01","Uber",9,"8-10 мин",780815
"2025-03-01","Lyft",10,"10-15 мин",265909
"2025-03-01","Uber",10,"10-15 мин",732875
"2025-03-01","Lyft",11,"15-20 мин",49871
"2025-03-01","Uber",11,"15-20 мин",166596
"2025-03-01","Lyft",12,"20-25 мин",11489
"2025-03-01","Uber",12,"20-25 мин",34825
"2025-03-01","Lyft",13,"25-30 мин",3233
"2025-03-01","Uber",13,"25-30 мин",9452
"2025-03-01","Lyft",14,"30+ мин",2738
"2025-03-01","Uber",14,"30+ мин",8640
"2025-04-01","Lyft",1,"0-30 сек",2386
"2025-04-01","Uber",1,"0-30 сек",16406
"2025-04-01","Lyft",2,"30-60 сек",30179
"2025-04-01","Uber",2,"30-60 сек",195259
"2025-04-01","Lyft",3,"1-2 мин",476120
"2025-04-01","Uber",3,"1-2 мин",1497920
"2025-04-01","Lyft",4,"2-3 мин",909539
"2025-04-01","Uber",4,"2-3 мин",2968911
"2025-04-01","Lyft",5,"3-4 мин",1077025
"2025-04-01","Uber",5,"3-4 мин",3053200
"2025-04-01","Lyft",6,"4-5 мин",927782
"2025-04-01","Uber",6,"4-5 мин",2218561
"2025-04-01","Lyft",7,"5-6 мин",659634
"2025-04-01","Uber",7,"5-6 мин",1438670
"2025-04-01","Lyft",8,"6-8 мин",692009
"2025-04-01","Uber",8,"6-8 мин",1490760
"2025-04-01","Lyft",9,"8-10 мин",275353
"2025-04-01","Uber",9,"8-10 мин",644585
"2025-04-01","Lyft",10,"10-15 мин",193098
"2025-04-01","Uber",10,"10-15 мин",548996
"2025-04-01","Lyft",11,"15-20 мин",35188
"2025-04-01","Uber",11,"15-20 мин",123089
"2025-04-01","Lyft",12,"20-25 мин",8128
"2025-04-01","Uber",12,"20-25 мин",26612
"2025-04-01","Lyft",13,"25-30 мин",2552
"2025-04-01","Uber",13,"25-30 мин",7904
"2025-04-01","Lyft",14,"30+ мин",1568
"2025-04-01","Uber",14,"30+ мин",6313
"2025-05-01","Lyft",1,"0-30 сек",2710
"2025-05-01","Uber",1,"0-30 сек",14172
"2025-05-01","Lyft",2,"30-60 сек",29502
"2025-05-01","Uber",2,"30-60 сек",135356
"2025-05-01","Lyft",3,"1-2 мин",451887
"2025-05-01","Uber",3,"1-2 мин",1181983
"2025-05-01","Lyft",4,"2-3 мин",891420
"2025-05-01","Uber",4,"2-3 мин",2546226
"2025-05-01","Lyft",5,"3-4 мин",1104902
"2025-05-01","Uber",5,"3-4 мин",2927194
"2025-05-01","Lyft",6,"4-5 мин",1011585
"2025-05-01","Uber",6,"4-5 мин",2394876
"2025-05-01","Lyft",7,"5-6 мин",768847
"2025-05-01","Uber",7,"5-6 мин",1716043
"2025-05-01","Lyft",8,"6-8 мин",890775
"2025-05-01","Uber",8,"6-8 мин",1970942
"2025-05-01","Lyft",9,"8-10 мин",397938
"2025-05-01","Uber",9,"8-10 мин",928987
"2025-05-01","Lyft",10,"10-15 мин",310394
"2025-05-01","Uber",10,"10-15 мин",819731
"2025-05-01","Lyft",11,"15-20 мин",64503
"2025-05-01","Uber",11,"15-20 мин",196054
"2025-05-01","Lyft",12,"20-25 мин",16493
"2025-05-01","Uber",12,"20-25 мин",43710
"2025-05-01","Lyft",13,"25-30 мин",5110
"2025-05-01","Uber",13,"25-30 мин",12605
"2025-05-01","Lyft",14,"30+ мин",3125
"2025-05-01","Uber",14,"30+ мин",9559
"2025-06-01","Lyft",1,"0-30 сек",2245
"2025-06-01","Uber",1,"0-30 сек",15450
"2025-06-01","Lyft",2,"30-60 сек",23306
"2025-06-01","Uber",2,"30-60 сек",142246
"2025-06-01","Lyft",3,"1-2 мин",352655
"2025-06-01","Uber",3,"1-2 мин",1105512
"2025-06-01","Lyft",4,"2-3 мин",739070
"2025-06-01","Uber",4,"2-3 мин",2332905
"2025-06-01","Lyft",5,"3-4 мин",991581
"2025-06-01","Uber",5,"3-4 мин",2689700
"2025-06-01","Lyft",6,"4-5 мин",957499
"2025-06-01","Uber",6,"4-5 мин",2249523
"2025-06-01","Lyft",7,"5-6 мин",758155
"2025-06-01","Uber",7,"5-6 мин",1648767
"2025-06-01","Lyft",8,"6-8 мин",907518
"2025-06-01","Uber",8,"6-8 мин",1903947
"2025-06-01","Lyft",9,"8-10 мин",419424
"2025-06-01","Uber",9,"8-10 мин",888743
"2025-06-01","Lyft",10,"10-15 мин",339186
"2025-06-01","Uber",10,"10-15 мин",789811
"2025-06-01","Lyft",11,"15-20 мин",70355
"2025-06-01","Uber",11,"15-20 мин",198023
"2025-06-01","Lyft",12,"20-25 мин",17651
"2025-06-01","Uber",12,"20-25 мин",43016
"2025-06-01","Lyft",13,"25-30 мин",5374
"2025-06-01","Uber",13,"25-30 мин",11765
"2025-06-01","Lyft",14,"30+ мин",3640
"2025-06-01","Uber",14,"30+ мин",9024
"2025-07-01","Lyft",1,"0-30 сек",2214
"2025-07-01","Uber",1,"0-30 сек",16687
"2025-07-01","Lyft",2,"30-60 сек",29086
"2025-07-01","Uber",2,"30-60 сек",192925
"2025-07-01","Lyft",3,"1-2 мин",447958
"2025-07-01","Uber",3,"1-2 мин",1414525
"2025-07-01","Lyft",4,"2-3 мин",899253
"2025-07-01","Uber",4,"2-3 мин",2768025
"2025-07-01","Lyft",5,"3-4 мин",1100306
"2025-07-01","Uber",5,"3-4 мин",2891686
"2025-07-01","Lyft",6,"4-5 мин",952518
"2025-07-01","Uber",6,"4-5 мин",2188511
"2025-07-01","Lyft",7,"5-6 мин",676952
"2025-07-01","Uber",7,"5-6 мин",1469948
"2025-07-01","Lyft",8,"6-8 мин",715405
"2025-07-01","Uber",8,"6-8 мин",1561657
"2025-07-01","Lyft",9,"8-10 мин",293029
"2025-07-01","Uber",9,"8-10 мин",693898
"2025-07-01","Lyft",10,"10-15 мин",218595
"2025-07-01","Uber",10,"10-15 мин",614240
"2025-07-01","Lyft",11,"15-20 мин",44679
"2025-07-01","Uber",11,"15-20 мин",148842
"2025-07-01","Lyft",12,"20-25 мин",12058
"2025-07-01","Uber",12,"20-25 мин",31448
"2025-07-01","Lyft",13,"25-30 мин",4052
"2025-07-01","Uber",13,"25-30 мин",8832
"2025-07-01","Lyft",14,"30+ мин",2863
"2025-07-01","Uber",14,"30+ мин",6741
"2025-08-01","Lyft",1,"0-30 сек",2063
"2025-08-01","Uber",1,"0-30 сек",16324
"2025-08-01","Lyft",2,"30-60 сек",30986
"2025-08-01","Uber",2,"30-60 сек",201896
"2025-08-01","Lyft",3,"1-2 мин",474284
"2025-08-01","Uber",3,"1-2 мин",1478468
"2025-08-01","Lyft",4,"2-3 мин",945399
"2025-08-01","Uber",4,"2-3 мин",2843851
"2025-08-01","Lyft",5,"3-4 мин",1143760
"2025-08-01","Uber",5,"3-4 мин",2880208
"2025-08-01","Lyft",6,"4-5 мин",976130
"2025-08-01","Uber",6,"4-5 мин",2090425
"2025-08-01","Lyft",7,"5-6 мин",681229
"2025-08-01","Uber",7,"5-6 мин",1340696
"2025-08-01","Lyft",8,"6-8 мин",687867
"2025-08-01","Uber",8,"6-8 мин",1339843
"2025-08-01","Lyft",9,"8-10 мин",263627
"2025-08-01","Uber",9,"8-10 мин",553576
"2025-08-01","Lyft",10,"10-15 мин",183377
"2025-08-01","Uber",10,"10-15 мин",480187
"2025-08-01","Lyft",11,"15-20 мин",34597
"2025-08-01","Uber",11,"15-20 мин",132865
"2025-08-01","Lyft",12,"20-25 мин",9253
"2025-08-01","Uber",12,"20-25 мин",40153
"2025-08-01","Lyft",13,"25-30 мин",3112
"2025-08-01","Uber",13,"25-30 мин",12795
"2025-08-01","Lyft",14,"30+ мин",2419
"2025-08-01","Uber",14,"30+ мин",8374
"2025-09-01","Lyft",1,"0-30 сек",2409
"2025-09-01","Uber",1,"0-30 сек",15622
"2025-09-01","Lyft",2,"30-60 сек",30383
"2025-09-01","Uber",2,"30-60 сек",175604
"2025-09-01","Lyft",3,"1-2 мин",458432
"2025-09-01","Uber",3,"1-2 мин",1321806
"2025-09-01","Lyft",4,"2-3 мин",898099
"2025-09-01","Uber",4,"2-3 мин",2645792
"2025-09-01","Lyft",5,"3-4 мин",1079630
"2025-09-01","Uber",5,"3-4 мин",2814845
"2025-09-01","Lyft",6,"4-5 мин",922314
"2025-09-01","Uber",6,"4-5 мин",2170032
"2025-09-01","Lyft",7,"5-6 мин",652780
"2025-09-01","Uber",7,"5-6 мин",1495212
"2025-09-01","Lyft",8,"6-8 мин",688111
"2025-09-01","Uber",8,"6-8 мин",1643595
"2025-09-01","Lyft",9,"8-10 мин",283367
"2025-09-01","Uber",9,"8-10 мин",731053
"2025-09-01","Lyft",10,"10-15 мин",210158
"2025-09-01","Uber",10,"10-15 мин",618077
"2025-09-01","Lyft",11,"15-20 мин",42169
"2025-09-01","Uber",11,"15-20 мин",171805
"2025-09-01","Lyft",12,"20-25 мин",10854
"2025-09-01","Uber",12,"20-25 мин",57087
"2025-09-01","Lyft",13,"25-30 мин",3618
"2025-09-01","Uber",13,"25-30 мин",18833
"2025-09-01","Lyft",14,"30+ мин",2947
"2025-09-01","Uber",14,"30+ мин",11254
"2025-10-01","Lyft",1,"0-30 сек",2516
"2025-10-01","Uber",1,"0-30 сек",16818
"2025-10-01","Lyft",2,"30-60 сек",36031
"2025-10-01","Uber",2,"30-60 сек",196587
"2025-10-01","Lyft",3,"1-2 мин",541918
"2025-10-01","Uber",3,"1-2 мин",1477913
"2025-10-01","Lyft",4,"2-3 мин",1019462
"2025-10-01","Uber",4,"2-3 мин",2914052
"2025-10-01","Lyft",5,"3-4 мин",1172121
"2025-10-01","Uber",5,"3-4 мин",3031401
"2025-10-01","Lyft",6,"4-5 мин",972818
"2025-10-01","Uber",6,"4-5 мин",2299718
"2025-10-01","Lyft",7,"5-6 мин",671874
"2025-10-01","Uber",7,"5-6 мин",1605416
"2025-10-01","Lyft",8,"6-8 мин",700807
"2025-10-01","Uber",8,"6-8 мин",1830371
"2025-10-01","Lyft",9,"8-10 мин",291007
"2025-10-01","Uber",9,"8-10 мин",881274
"2025-10-01","Lyft",10,"10-15 мин",224585
"2025-10-01","Uber",10,"10-15 мин",804597
"2025-10-01","Lyft",11,"15-20 мин",47082
"2025-10-01","Uber",11,"15-20 мин",195426
"2025-10-01","Lyft",12,"20-25 мин",12101
"2025-10-01","Uber",12,"20-25 мин",39879
"2025-10-01","Lyft",13,"25-30 мин",3565
"2025-10-01","Uber",13,"25-30 мин",10353
"2025-10-01","Lyft",14,"30+ мин",2411
"2025-10-01","Uber",14,"30+ мин",6742
"2025-11-01","Lyft",1,"0-30 сек",2505
"2025-11-01","Uber",1,"0-30 сек",17055
"2025-11-01","Lyft",2,"30-60 сек",36574
"2025-11-01","Uber",2,"30-60 сек",201840
"2025-11-01","Lyft",3,"1-2 мин",565437
"2025-11-01","Uber",3,"1-2 мин",1515827
"2025-11-01","Lyft",4,"2-3 мин",1099779
"2025-11-01","Uber",4,"2-3 мин",2975034
"2025-11-01","Lyft",5,"3-4 мин",1246048
"2025-11-01","Uber",5,"3-4 мин",3030500
"2025-11-01","Lyft",6,"4-5 мин",999719
"2025-11-01","Uber",6,"4-5 мин",2198904
"2025-11-01","Lyft",7,"5-6 мин",668335
"2025-11-01","Uber",7,"5-6 мин",1459691
"2025-11-01","Lyft",8,"6-8 мин",669937
"2025-11-01","Uber",8,"6-8 мин",1600934
"2025-11-01","Lyft",9,"8-10 мин",266861
"2025-11-01","Uber",9,"8-10 мин",772446
"2025-11-01","Lyft",10,"10-15 мин",196366
"2025-11-01","Uber",10,"10-15 мин",741271
"2025-11-01","Lyft",11,"15-20 мин",39741
"2025-11-01","Uber",11,"15-20 мин",182678
"2025-11-01","Lyft",12,"20-25 мин",9956
"2025-11-01","Uber",12,"20-25 мин",36171
"2025-11-01","Lyft",13,"25-30 мин",2899
"2025-11-01","Uber",13,"25-30 мин",9440
"2025-11-01","Lyft",14,"30+ мин",1899
"2025-11-01","Uber",14,"30+ мин",6285
"2025-12-01","Lyft",1,"0-30 сек",2500
"2025-12-01","Uber",1,"0-30 сек",18595
"2025-12-01","Lyft",2,"30-60 сек",28952
"2025-12-01","Uber",2,"30-60 сек",158349
"2025-12-01","Lyft",3,"1-2 мин",464534
"2025-12-01","Uber",3,"1-2 мин",1260281
"2025-12-01","Lyft",4,"2-3 мин",954957
"2025-12-01","Uber",4,"2-3 мин",2664218
"2025-12-01","Lyft",5,"3-4 мин",1166718
"2025-12-01","Uber",5,"3-4 мин",2948471
"2025-12-01","Lyft",6,"4-5 мин",1019016
"2025-12-01","Uber",6,"4-5 мин",2352981
"2025-12-01","Lyft",7,"5-6 мин",748013
"2025-12-01","Uber",7,"5-6 мин",1705897
"2025-12-01","Lyft",8,"6-8 мин",842994
"2025-12-01","Uber",8,"6-8 мин",2053639
"2025-12-01","Lyft",9,"8-10 мин",379511
"2025-12-01","Uber",9,"8-10 мин",1079096
"2025-12-01","Lyft",10,"10-15 мин",303902
"2025-12-01","Uber",10,"10-15 мин",1142091
"2025-12-01","Lyft",11,"15-20 мин",65684
"2025-12-01","Uber",11,"15-20 мин",309963
"2025-12-01","Lyft",12,"20-25 мин",17070
"2025-12-01","Uber",12,"20-25 мин",57926
"2025-12-01","Lyft",13,"25-30 мин",5321
"2025-12-01","Uber",13,"25-30 мин",13988
"2025-12-01","Lyft",14,"30+ мин",3485
"2025-12-01","Uber",14,"30+ мин",11614
"2026-01-01","Lyft",1,"0-30 сек",2317
"2026-01-01","Uber",1,"0-30 сек",16907
"2026-01-01","Lyft",2,"30-60 сек",30628
"2026-01-01","Uber",2,"30-60 сек",181358
"2026-01-01","Lyft",3,"1-2 мин",516308
"2026-01-01","Uber",3,"1-2 мин",1391987
"2026-01-01","Lyft",4,"2-3 мин",1001122
"2026-01-01","Uber",4,"2-3 мин",2726367
"2026-01-01","Lyft",5,"3-4 мин",1117615
"2026-01-01","Uber",5,"3-4 мин",2734521
"2026-01-01","Lyft",6,"4-5 мин",903313
"2026-01-01","Uber",6,"4-5 мин",2032559
"2026-01-01","Lyft",7,"5-6 мин",621180
"2026-01-01","Uber",7,"5-6 мин",1485734
"2026-01-01","Lyft",8,"6-8 мин",674774
"2026-01-01","Uber",8,"6-8 мин",1862527
"2026-01-01","Lyft",9,"8-10 мин",307143
"2026-01-01","Uber",9,"8-10 мин",1046802
"2026-01-01","Lyft",10,"10-15 мин",272028
"2026-01-01","Uber",10,"10-15 мин",1123585
"2026-01-01","Lyft",11,"15-20 мин",73261
"2026-01-01","Uber",11,"15-20 мин",311405
"2026-01-01","Lyft",12,"20-25 мин",23676
"2026-01-01","Uber",12,"20-25 мин",67030
"2026-01-01","Lyft",13,"25-30 мин",8288
"2026-01-01","Uber",13,"25-30 мин",16888
"2026-01-01","Lyft",14,"30+ мин",6544
"2026-01-01","Uber",14,"30+ мин",12866
"2026-02-01","Lyft",1,"0-30 сек",2198
"2026-02-01","Uber",1,"0-30 сек",15819
"2026-02-01","Lyft",2,"30-60 сек",22763
"2026-02-01","Uber",2,"30-60 сек",116116
"2026-02-01","Lyft",3,"1-2 мин",397904
"2026-02-01","Uber",3,"1-2 мин",960054
"2026-02-01","Lyft",4,"2-3 мин",817259
"2026-02-01","Uber",4,"2-3 мин",2122259
"2026-02-01","Lyft",5,"3-4 мин",1029031
"2026-02-01","Uber",5,"3-4 мин",2461661
"2026-02-01","Lyft",6,"4-5 мин",942700
"2026-02-01","Uber",6,"4-5 мин",2069241
"2026-02-01","Lyft",7,"5-6 мин",720701
"2026-02-01","Uber",7,"5-6 мин",1553881
"2026-02-01","Lyft",8,"6-8 мин",855139
"2026-02-01","Uber",8,"6-8 мин",1924654
"2026-02-01","Lyft",9,"8-10 мин",401241
"2026-02-01","Uber",9,"8-10 мин",1056497
"2026-02-01","Lyft",10,"10-15 мин",328969
"2026-02-01","Uber",10,"10-15 мин",1202466
"2026-02-01","Lyft",11,"15-20 мин",71056
"2026-02-01","Uber",11,"15-20 мин",360607
"2026-02-01","Lyft",12,"20-25 мин",18737
"2026-02-01","Uber",12,"20-25 мин",80016
"2026-02-01","Lyft",13,"25-30 мин",5609
"2026-02-01","Uber",13,"25-30 мин",24694
"2026-02-01","Lyft",14,"30+ мин",3782
"2026-02-01","Uber",14,"30+ мин",21582
"2026-03-01","Lyft",1,"0-30 сек",2318
"2026-03-01","Uber",1,"0-30 сек",17522
"2026-03-01","Lyft",2,"30-60 сек",32427
"2026-03-01","Uber",2,"30-60 сек",167388
"2026-03-01","Lyft",3,"1-2 мин",505832
"2026-03-01","Uber",3,"1-2 мин",1271247
"2026-03-01","Lyft",4,"2-3 мин",1002465
"2026-03-01","Uber",4,"2-3 мин",2550181
"2026-03-01","Lyft",5,"3-4 мин",1179938
"2026-03-01","Uber",5,"3-4 мин",2703927
"2026-03-01","Lyft",6,"4-5 мин",1007581
"2026-03-01","Uber",6,"4-5 мин",2144316
"2026-03-01","Lyft",7,"5-6 мин",725367
"2026-03-01","Uber",7,"5-6 мин",1630150
"2026-03-01","Lyft",8,"6-8 мин",809567
"2026-03-01","Uber",8,"6-8 мин",2109492
"2026-03-01","Lyft",9,"8-10 мин",364946
"2026-03-01","Uber",9,"8-10 мин",1231869
"2026-03-01","Lyft",10,"10-15 мин",291404
"2026-03-01","Uber",10,"10-15 мин",1429219
"2026-03-01","Lyft",11,"15-20 мин",58623
"2026-03-01","Uber",11,"15-20 мин",397150
"2026-03-01","Lyft",12,"20-25 мин",14168
"2026-03-01","Uber",12,"20-25 мин",69296
"2026-03-01","Lyft",13,"25-30 мин",3876
"2026-03-01","Uber",13,"25-30 мин",15151
"2026-03-01","Lyft",14,"30+ мин",3153
"2026-03-01","Uber",14,"30+ мин",12272
"2026-04-01","Lyft",1,"0-30 сек",2114
"2026-04-01","Uber",1,"0-30 сек",17141
"2026-04-01","Lyft",2,"30-60 сек",37201
"2026-04-01","Uber",2,"30-60 сек",203911
"2026-04-01","Lyft",3,"1-2 мин",569106
"2026-04-01","Uber",3,"1-2 мин",1486531
"2026-04-01","Lyft",4,"2-3 мин",1083891
"2026-04-01","Uber",4,"2-3 мин",2816283
"2026-04-01","Lyft",5,"3-4 мин",1188533
"2026-04-01","Uber",5,"3-4 мин",2779695
"2026-04-01","Lyft",6,"4-5 мин",935441
"2026-04-01","Uber",6,"4-5 мин",2037534
"2026-04-01","Lyft",7,"5-6 мин",622985
"2026-04-01","Uber",7,"5-6 мин",1477973
"2026-04-01","Lyft",8,"6-8 мин",616657
"2026-04-01","Uber",8,"6-8 мин",1825032
"2026-04-01","Lyft",9,"8-10 мин",237368
"2026-04-01","Uber",9,"8-10 мин",1052018
"2026-04-01","Lyft",10,"10-15 мин",164341
"2026-04-01","Uber",10,"10-15 мин",1126126
"2026-04-01","Lyft",11,"15-20 мин",29722
"2026-04-01","Uber",11,"15-20 мин",292120
"2026-04-01","Lyft",12,"20-25 мин",7432
"2026-04-01","Uber",12,"20-25 мин",59865
"2026-04-01","Lyft",13,"25-30 мин",2547
"2026-04-01","Uber",13,"25-30 мин",14522
"2026-04-01","Lyft",14,"30+ мин",1785
"2026-04-01","Uber",14,"30+ мин",10459
